1	1	1	1	1	test
2	1	1	1	1	test
3	1	1	1	1	test
4	1	1	1	1	test
4	1	1	1	1	test
4	1	1	1	1	test
4	1	1	1	1	test
4	1	1	1	1	test
4	1	1	1	1	test
4	1	1	1	1	test
4	1	1	1	1	test
4	1	1	1	1	test
4	1	1	1	1	test
4	1	1	1	1	test
4	1	1	1	1	test
4	1	1	1	1	test
4	1	1	1	1	test
4	1	1	1	1	test
4	1	1	1	1	test
4	1	1	1	1	test
4	1	1	1	1	test
4	1	1	1	1	test
4	1	1	1	1	test
4	1	1	1	1	test
4	1	1	1	1	test
4	1	1	1	1	test
4	1	1	1	1	test
4	1	1	1	1	test
4	1	1	1	1	test
4	1	1	1	1	test
4	1	1	1	1	test
4	1	1	1	1	test
4	1	1	1	1	test
4	1	1	1	1	test
4	1	1	1	1	test
4	1	1	1	1	test
4	1	1	1	1	test
